name,category,listing_type,victorian_region,physical_location,service_area,neutral_description,services_offered,official_website,instagram_url,youtube_url,public_contact_email,public_phone_number,official_logo_url,primary_evidence_url,secondary_evidence_url,date_checked,confidence,research_notes,
Salt Sessions Freediving,Freediving Schools,Freediving school,Melbourne and Mornington Peninsula,"Melbourne, VIC","Melbourne, Port Phillip Bay and Mornington Peninsula","Salt Sessions Freediving is a Melbourne-based freediving school focused on recognised beginner and continuing freediving education. Public sources describe it as a large Victorian training centre with regular local courses, experienced instructors and a pathway for people who want to develop comfort, safety and skills in Victorian waters.",PADI and Molchanovs freediving courses; beginner freediving; advanced training; gear hire; retreats; local club dives,https://saltsessions.com.au/,https://www.instagram.com/salt_sessions_freediving/,,,0431 699 264,https://saltsessions.com.au/cdn/shop/files/favicon-saltsessions.png?v=1683602675,https://saltsessions.com.au/,https://freedivingmelbourne.org/guides/freediving-schools-melbourne,2026-09-28,High,Clear Victorian freediving school. Existing Club House logo asset already downloaded from the official site.,
Drifters Freediving,Freediving Schools,Freediving and spearfishing school,Melbourne,"Melbourne, VIC","Melbourne, Victoria and selected retreat locations","Drifters Freediving is a Melbourne-based freediving provider that advertises AIDA courses, specialty retreats and beginner spearfishing instruction. It is relevant to a Victorian community directory because it explicitly offers spearfishing education as well as freediving training, though public community commentary should be reviewed before any endorsement-style placement.",AIDA freediving courses; beginner spearfishing course; retreats; pool and open-water training,https://driftersfreediving.com/,https://www.instagram.com/driftersfreediving/,,,,https://images.squarespace-cdn.com/content/v1/62187742ef73ef4733c426f9/8ddac37f-b460-4d78-8423-cdd45d3c7892/Drifters_logo-small-400w.png?format=1500w,https://driftersfreediving.com/beginner-spearfishing,https://freedivingmelbourne.org/guides/drifters-freediving-review,2026-09-28,Medium,"Include with care. A public guide notes community concerns about training standards and conduct, so this should be manually reviewed before prominent promotion.",
Marlon Quinn / Boundless Blue,Freediving Schools,Freediving instructor,Mornington Peninsula,"Sorrento, VIC",Mornington Peninsula and Port Phillip Bay,"Marlon Quinn operates from the Mornington Peninsula under the Boundless Blue offering and is publicly described as a long-running Victorian freediving instructor. His profile is relevant for members seeking smaller-format instruction, breathwork-informed freediving training and local peninsula knowledge around Sorrento and nearby ocean sites.",PADI freediving instruction; instructor training; breathwork; ocean confidence training,https://marlonquinn.com/boundless-blue/,,,,,,https://marlonquinn.com/wp-content/uploads/2021/07/cropped-Marlon-Quinn-Photo-Logo-Initials-Round-white-lowres-192x192.png,https://marlonquinn.com/boundless-blue/,https://freedivingmelbourne.org/guides/freediving-schools-melbourne,2026-09-28,High,Former WaterMaarq connection and Mornington Peninsula location are useful for local context.
Simple Dive Melbourne,Freediving Schools,Dive and freediving school,Melbourne east,"Blackburn South, VIC",Melbourne and eastern suburbs,Simple Dive Melbourne is a Blackburn South dive business that publicly advertises AIDA freediving alongside scuba and equipment services. It is suitable for the directory because it has a physical Victorian shopfront and a clear freediving training offer rather than being a general scuba-only operator.,AIDA freediving; scuba courses; dive gear retail; equipment support,https://www.simpledive.com.au/,https://www.instagram.com/simpledivemel/,,info@simpledive.com.au,+61 414 907 659,https://www.simpledive.com.au/cdn/shop/files/simple-dive-logo_69267a4f-77d8-4b6b-962e-2d768b1e4e04.png?v=1789172294&width=3840,https://www.simpledive.com.au/pages/about-us,https://freedivingmelbourne.org/guides/freediving-schools-melbourne,2026-09-28,High,Physical address and freediving offer are public. Confirm current AIDA course dates before publishing course-specific claims.,
Southern Freedivers,Spearfishing and Freediving Clubs,Spearfishing club,Melbourne and Victoria-wide,"Melbourne, VIC",Victoria,"Southern Freedivers is a volunteer-run Victorian spearfishing club established in 1994. Its website describes competition spearfishing, social dives, member catch-ups and quarterly meetings, making it a strong community directory entry for people seeking spearfishing networks, local knowledge and structured club involvement in Victoria.",Competition spearfishing; social dives; member catch-ups; quarterly meetings; spearfishing community,https://southernfreedivers.org.au/,,,,,,https://southernfreedivers.org.au/,https://aufspearfishing.com.au/clubs/,2026-09-28,High,Official site says the club has connected Victorian divers for more than 30 years. Social links should be manually confirmed.,
Geelong Freedivers,Spearfishing and Freediving Clubs,Spearfishing and freediving club,"Geelong, Bellarine and south-west Victoria","Geelong, VIC","Geelong, Bellarine Peninsula, Surf Coast and south-west Victoria","Geelong Freedivers is an AUF-affiliated spearfishing and freediving club established in 2015. The club runs monthly catch-ups and member social dives, with a stated purpose of helping people in south-west Victoria network, train and explore underwater activities with a safety-first community approach.",Monthly club catch-ups; social dives; spearo clinics; competitions; freediving and spearfishing community,https://geelongfreedivers.org/,https://www.instagram.com/geelongfreedivers/,https://www.youtube.com/@geelongfreedivers4326/featured,geelongfreedivers@gmail.com,,https://geelongfreedivers.org/wp-content/uploads/2023/09/cropped-GFD_LOGO_FINAL_2016_-white.webp,https://geelongfreedivers.org/,https://aufspearfishing.com.au/clubs/,2026-09-28,High,Strong fit for the directory. Club has both official website evidence and AUF listing.,
Melbourne Freedivers Club,Spearfishing and Freediving Clubs,Freediving club,Melbourne,"Melbourne, VIC",Melbourne and Victorian freediving sites,"Melbourne Freedivers Club is an Australian Freediving Association-affiliated club that encourages safe and supportive freediving. Its website and FAQ emphasise community, pool training, safety induction and member activity rather than paid instruction, so it should be listed as a club rather than a freediving school.",Pool training; safety induction; gear loan; depth trips; member community,https://melbournefreedivers.org.au/,https://www.instagram.com/melbournefreediversclub/,,training@melbournefreedivers.org.au,,https://melbournefreedivers.org.au/wp-content/uploads/2022/03/cropped-MFC-Logo-white-90x60-1.png,https://melbournefreedivers.org.au/,https://melbournefreedivers.org.au/faq/,2026-09-28,High,Do not describe as a coaching service. The club FAQ points new divers to external instructors.,
Club Spearfish,Spearfishing and Freediving Clubs,Spearfishing club,Victoria,Victoria,Victoria,"Club Spearfish appears in the AUF spearfishing club listings under Victoria and is also referenced by local freediving guides. It should be treated as a provisional community directory entry until its current official website, contacts and active meeting details are manually confirmed.",Spearfishing club; AUF club pathway; Victorian spearfishing community,https://aufspearfishing.com.au/clubs/,,,,,,https://aufspearfishing.com.au/clubs/,https://freedivingmelbourne.org/,2026-09-28,Medium,Included because AUF lists it under Victoria. Current official club website and contact details were not reliably confirmed.,
ADRENO Melbourne,Spearfishing Stores,Spearfishing and freediving retail store,Melbourne south-east,"Cheltenham, VIC","Melbourne, Victoria and online Australia-wide","ADRENO Melbourne is a Victorian branch of a national dive retailer with an explicit spearfishing and freediving gear focus. The Melbourne store is relevant because it provides in-person fitting and advice for spearguns, wetsuits, fins, floats, masks and other equipment used by Victorian spearos and freedivers.",Spearfishing gear; freediving gear; wetsuits; fins; masks; spearguns; online and in-store retail,https://adreno.com.au/,https://www.instagram.com/adrenospearfishing/,https://www.youtube.com/user/AdrenoSpearfishing,,,,https://adreno.com.au/,https://adreno.com.au/blogs/news/welcome-to-adreno-melbourne,2026-09-28,High,National brand but clear Melbourne store and explicit spearfishing/freediving range. Official logo URL should be pulled from the live site during asset preparation.,
Mr Dive,Spearfishing Stores,"Spearfishing, freediving and dive retail store",Melbourne south-east,"Oakleigh South, VIC",Melbourne and online Australia-wide,"Mr Dive is a Melbourne dive shop in Oakleigh South that explicitly describes itself as a specialised spearfishing shop for spearos, scuba divers, snorkellers and freedivers. It is relevant because its public pages advertise spearguns, wetsuits, fins, floats, masks, snorkels and other spearfishing equipment.",Spearfishing gear; freediving gear; spearguns; wetsuits; fins; masks; snorkels; online retail,https://www.mrdive.com.au/,,,henryw@mrdive.com.au,03 8488 9992,,https://www.mrdive.com.au/spearfishing/,https://www.mrdive.com.au/about-us/,2026-09-28,High,Clear physical location and explicit spearfishing category. Social links were not verified in this pass.,
Dive Gear Australia,Spearfishing Stores,"Dive, freediving and spearfishing retail store",Melbourne south-east,"Hallam, VIC","Melbourne, Victoria and online Australia-wide","Dive Gear Australia is a Hallam store that sells scuba, snorkelling, freediving and spearfishing equipment. It qualifies for this directory because its shop navigation and public contact pages explicitly include freediving and spearfishing gear, with an in-store Victorian presence for equipment advice and click-and-collect.",Freediving gear; spearfishing gear; masks; fins; wetsuits; floats; accessories; equipment servicing,https://divegearaustralia.com.au/,,,sales@divegearaustralia.com.au,03 9702 3694,,https://divegearaustralia.com.au/shop/,https://divegearaustralia.com.au/contact-dive-shop/,2026-09-28,High,"Included on explicit freediving and spearfishing retail basis, not as a scuba-only listing.",
Torelli Spearfishing Australia,Spearfishing Stores,Spearfishing equipment maker and retailer,Mornington Peninsula,"Capel Sound, VIC",Victoria and online Australia-wide,"Torelli Spearfishing Australia is a Victorian spearfishing equipment brand and factory store based in Capel Sound. Its official pages state that it was founded in Australia in 1996 and supplies wetsuits, spearguns, fins, masks, floats and accessories for recreational and competition spearfishers.",Spearfishing wetsuits; spearguns; freediving fins; masks; snorkels; float systems; accessories; factory store,https://torelli.com.au/,,,,(03) 5987 0693,,https://torelli.com.au/pages/about,https://torelli.com.au/pages/contact-us,2026-09-28,High,Strong Victorian connection through Capel Sound factory store and spearfishing-specific product range.,
HOOOKN Adventures,Spearfishing-specific Charters,Spearfishing charter operator,Melbourne and Port Phillip region,"Melbourne, VIC","Melbourne, Victoria and beyond","HOOOKN Adventures is a Melbourne-based charter operator that explicitly advertises spearfishing tours, fishing and spearfishing experiences, and adventure retreats. It is the clearest Victorian spearfishing-specific charter found in this pass, with public contact details and social channels tied to its charter offering.",Spearfishing tours; fishing charters; bluewater trips; retreats; filming packages; corporate charters,https://hoookn.com.au/,https://www.instagram.com/hoookn.adventures/,,benji@hoookn.com.au,0439 HOOOKN,,https://hoookn.com.au/,https://hoookn.com.au/charters/,2026-09-28,High,Only include charter operators like this where spearfishing is explicit. Do not add ordinary fishing charters without a spearfishing page.,
Victorian Underwater Hockey Commission,Underwater Sports,State underwater hockey body,Victoria,Victoria,Victoria,"The Victorian Underwater Hockey Commission is the peak body for underwater hockey in Victoria. Its site publishes state team, competition and contact information, and lists public committee contact emails and social channels, making it the primary directory entry for members interested in Victorian underwater hockey.",Underwater hockey governance; competitions; state teams; club coordination; enquiries,https://vuhc.org.au/,https://www.instagram.com/victorian_uwh_vuhc/,,committee@vuhc.org.au,,,https://vuhc.org.au/,https://vuhc.org.au/contact-us/,2026-09-28,High,"Peak body entry. The site spells 'Commision' in its title, but use the standard 'Commission' spelling in display copy.",
Wonthaggi Underwater Hockey Club,Underwater Sports,Underwater hockey club,Bass Coast,"Wonthaggi, VIC","Wonthaggi, Bass Coast and Victorian competitions","Wonthaggi Underwater Hockey Club is a Bass Coast club playing at the Bass Coast Aquatic and Leisure Centre. VUHC lists junior and senior Thursday sessions, and local reporting describes Wonthaggi as one of Victoria's major underwater hockey teams with strong junior development.",Underwater hockey juniors; senior training; tournaments; beginner participation,https://vuhc.org.au/find-a-game/wonthaggi-uwh-club/,,,wonthaggiunderwaterhockey@hotmail.com,,,https://vuhc.org.au/find-a-game/wonthaggi-uwh-club/,https://www.sgst.com.au/underwater-hockey-making-waves/,2026-09-28,High,"Official VUHC page provides venue, times, Facebook and email. Good regional sport entry.",
Monash University Underwater Club,Underwater Sports,University underwater hockey club,Melbourne south-east,"Clayton, VIC",Monash University and Melbourne south-east,"Monash University Underwater Club includes underwater hockey membership through Team Monash. Public university club material describes underwater hockey as part of the club's activity mix, with memberships available for students and the broader community, making it relevant for Victorian underwater-sport pathways.",Underwater hockey membership; university club activity; beginner and community participation,https://clubsandvarsity.monash.edu/Clubs/Underwater-Club,,,,,,https://clubsandvarsity.monash.edu/Clubs/Underwater-Club,https://www.monashclubs.org/About/Monash-Student-Association/2016-Clubs-Guide,2026-09-28,Medium,Current Team Monash page confirms underwater hockey membership. Older guide provides fuller description; verify current training times before publishing.,
Victoria Seadragons Underwater Rugby,Underwater Sports,Underwater rugby club,Melbourne east,"Glen Iris / Box Hill, VIC",Melbourne and Australian underwater rugby competitions,"Victoria Seadragons is the Victorian underwater rugby club listed by Underwater Rugby Australia and Aqualink. Public pages state that beginners are welcome, equipment can be provided, and the team competes around Australia, making it the key Victorian underwater rugby entry for the directory.",Underwater rugby training; beginner sessions; social games; competition; equipment for trials,https://www.uwra.org.au/play,https://www.instagram.com/victoriaseadragonsuwr/,,victoriaseadragonsuwr@gmail.com,,,https://www.uwra.org.au/play,https://www.aqualink.com.au/aquatic/swim-clubs-groups/underwater-rugby,2026-09-28,High,Aqualink says it is the only underwater rugby club in Victoria. UWRA provides current session locations and times.,
Freedive Geelong,Freediving Schools,Freediving school and charter provider,"Geelong, Bellarine and Surf Coast","Geelong / Queenscliff, VIC","Geelong, Melbourne, Queenscliff, Portsea and the Surf Coast","Freedive Geelong is a Geelong-based freediving school created by James Cini, with a stated focus on Victoria, the Great Southern Reef and building safe, capable freedivers and spearfishers. Its public pages advertise PADI freediving courses and certified self-guided freedive sessions from Queenscliff or Portsea.",PADI Basic Freediver; PADI Freediver open-water course; PADI Advanced Freediver; certified self-guided freedive sessions; charter-style freedive sessions,https://www.freedivegeelong.com/,https://www.instagram.com/freedivegeelong/,,info@freedivegeelong.com,+61 401 108 781,,https://www.freedivegeelong.com/about,https://www.freedivegeelong.com/service-page/self-guided-freedive,2026-09-28,High,"Added by request. Official pages verify Victorian focus, qualifications, course pathway, contact email and phone. Geelong Times also profiles James Cini and Freedive Geelong.",
Geelong Underwater Hockey Club,Underwater Sports,Underwater hockey club,Geelong,"Handbury Centre for Wellbeing, Foreshore Road, Corio VIC 3214",Geelong and Greater Geelong,"Geelong Underwater Hockey Club welcomes people of varied ages and capacities to play underwater hockey in a safe, social and competitive environment. Its website lists Wednesday sessions at the Handbury Centre for Wellbeing, while the Greater Geelong community directory notes beginner gear, junior pathways and come-and-try options.",Underwater hockey; junior and senior games; beginner sessions; come-and-try programs; school programs; Victorian and national pathways,https://geelongunderwaterhockey.org.au/,,,,0438 904 961,,https://geelongunderwaterhockey.org.au/,https://app.geelongcity.vic.gov.au/directory/item/722.aspx,2026-09-28,High,"Added by request. Public contact email is protected in the Geelong directory, so phone is included and email is left blank until manually verified.",
Maribyrnong Underwater Hockey Club,Underwater Sports,Underwater hockey club,Melbourne inner west,"Maribyrnong Aquatic Centre, 1 Aquatic Drive, Maribyrnong VIC 3032",Maribyrnong and Melbourne inner west,"Maribyrnong Underwater Hockey Club is listed by the Victorian Underwater Hockey Commission as a place to play in Victoria. The VUHC club page gives Tuesday evening sessions at the Maribyrnong Aquatic Centre, and local activity listings also show underwater hockey sessions at Maribyrnong.",Underwater hockey; Tuesday night training; beginner and club play; Victorian underwater hockey pathway,https://vuhc.org.au/find-a-game/footscray-uwh-club/,,,Daleschalkwijk@gmail.com,0435 824 603,,https://vuhc.org.au/find-a-game/footscray-uwh-club/,https://www.maribyrnong.vic.gov.au/files/assets/public/v/1/community-life-documents/active-maribyrnong/2026-get-active-expo/2026-get-active-expo-timetable-with-hyperlinks.pdf,2026-09-28,High,"Added by request. User wrote Marynbynong; public sources use Maribyrnong. VUHC page names contact Gerry Schalkwijk.",
Ballarat Underwater Hockey Club,Underwater Sports,Underwater hockey club,Ballarat,"University of Ballarat / Federation University, Mount Helen VIC",Ballarat and western Victoria,"Ballarat Underwater Hockey Club is listed by the Victorian Underwater Hockey Commission as a place to play underwater hockey in Victoria. Public club-directory sources list the club as active at the University of Ballarat / Mount Helen pool, with regular Monday night sessions and beginners welcome.",Underwater hockey; Monday night training; beginner participation; club play; Victorian underwater hockey pathway,https://vuhc.org.au/find-a-game/,,,,0417 143 231,,https://vuhc.org.au/find-a-game/,https://www.uwhmap.com/clubs/all,2026-09-28,High,"Added by request. VUHC lists Ballarat Underwater Hockey Club; UWH Map lists Ballarat as active at University of Ballarat, Mount Helen. PlaySport lists Bruce Hollioake as contact.",
